-- MySQL dump 10.13  Distrib 8.0.19, for Win64 (x86_64)
--
-- Host: localhost    Database: cuarentena
-- ------------------------------------------------------
-- Server version	8.0.19

/*!40101 SET @OLD_CHARACTER_SET_CLIENT=@@CHARACTER_SET_CLIENT */;
/*!40101 SET @OLD_CHARACTER_SET_RESULTS=@@CHARACTER_SET_RESULTS */;
/*!40101 SET @OLD_COLLATION_CONNECTION=@@COLLATION_CONNECTION */;
/*!50503 SET NAMES utf8 */;
/*!40103 SET @OLD_TIME_ZONE=@@TIME_ZONE */;
/*!40103 SET TIME_ZONE='+00:00' */;
/*!40014 SET @OLD_UNIQUE_CHECKS=@@UNIQUE_CHECKS, UNIQUE_CHECKS=0 */;
/*!40014 SET @OLD_FOREIGN_KEY_CHECKS=@@FOREIGN_KEY_CHECKS, FOREIGN_KEY_CHECKS=0 */;
/*!40101 SET @OLD_SQL_MODE=@@SQL_MODE, SQL_MODE='NO_AUTO_VALUE_ON_ZERO' */;
/*!40111 SET @OLD_SQL_NOTES=@@SQL_NOTES, SQL_NOTES=0 */;

--
-- Table structure for table `consulta`
--

DROP TABLE IF EXISTS `consulta`;
/*!40101 SET @saved_cs_client     = @@character_set_client */;
/*!50503 SET character_set_client = utf8mb4 */;
CREATE TABLE `consulta` (
  `PacienteID` int NOT NULL,
  `DoctorID` int NOT NULL,
  `fecha` datetime DEFAULT NULL,
  PRIMARY KEY (`PacienteID`,`DoctorID`),
  KEY `DoctorID` (`DoctorID`),
  CONSTRAINT `consulta_ibfk_1` FOREIGN KEY (`PacienteID`) REFERENCES `paciente` (`ID`),
  CONSTRAINT `consulta_ibfk_2` FOREIGN KEY (`DoctorID`) REFERENCES `doctor` (`ID`)
) ENGINE=InnoDB DEFAULT CHARSET=latin1;
/*!40101 SET character_set_client = @saved_cs_client */;

--
-- Dumping data for table `consulta`
--

LOCK TABLES `consulta` WRITE;
/*!40000 ALTER TABLE `consulta` DISABLE KEYS */;
INSERT INTO `consulta` VALUES (1,5,'2020-03-17 00:00:00'),(2,4,'2020-03-10 00:00:00'),(3,3,'2020-03-11 00:00:00'),(4,2,'2020-03-01 00:00:00'),(5,1,'2020-03-04 00:00:00');
/*!40000 ALTER TABLE `consulta` ENABLE KEYS */;
UNLOCK TABLES;

--
-- Table structure for table `consultorio`
--

DROP TABLE IF EXISTS `consultorio`;
/*!40101 SET @saved_cs_client     = @@character_set_client */;
/*!50503 SET character_set_client = utf8mb4 */;
CREATE TABLE `consultorio` (
  `ID` int NOT NULL AUTO_INCREMENT,
  `piso` int NOT NULL,
  `nro` int NOT NULL,
  PRIMARY KEY (`ID`)
) ENGINE=InnoDB AUTO_INCREMENT=7 DEFAULT CHARSET=latin1;
/*!40101 SET character_set_client = @saved_cs_client */;

--
-- Dumping data for table `consultorio`
--

LOCK TABLES `consultorio` WRITE;
/*!40000 ALTER TABLE `consultorio` DISABLE KEYS */;
INSERT INTO `consultorio` VALUES (1,3,302),(2,1,101),(3,1,102),(4,2,201),(5,2,202),(6,3,301);
/*!40000 ALTER TABLE `consultorio` ENABLE KEYS */;
UNLOCK TABLES;

--
-- Table structure for table `doctor`
--

DROP TABLE IF EXISTS `doctor`;
/*!40101 SET @saved_cs_client     = @@character_set_client */;
/*!50503 SET character_set_client = utf8mb4 */;
CREATE TABLE `doctor` (
  `ID` int NOT NULL AUTO_INCREMENT,
  `personaID` int NOT NULL,
  `consultorioID` int NOT NULL,
  `especialidadID` int NOT NULL,
  PRIMARY KEY (`ID`),
  KEY `personaID` (`personaID`),
  KEY `consultorioID` (`consultorioID`),
  KEY `especialidadID` (`especialidadID`),
  CONSTRAINT `doctor_ibfk_1` FOREIGN KEY (`personaID`) REFERENCES `persona` (`CI`),
  CONSTRAINT `doctor_ibfk_2` FOREIGN KEY (`consultorioID`) REFERENCES `consultorio` (`ID`),
  CONSTRAINT `doctor_ibfk_3` FOREIGN KEY (`especialidadID`) REFERENCES `especialidad` (`ID`)
) ENGINE=InnoDB AUTO_INCREMENT=6 DEFAULT CHARSET=latin1;
/*!40101 SET character_set_client = @saved_cs_client */;

--
-- Dumping data for table `doctor`
--

LOCK TABLES `doctor` WRITE;
/*!40000 ALTER TABLE `doctor` DISABLE KEYS */;
INSERT INTO `doctor` VALUES (1,567890,1,1),(2,614385,2,2),(3,614879,3,3),(4,623456,4,5),(5,787890,5,4);
/*!40000 ALTER TABLE `doctor` ENABLE KEYS */;
UNLOCK TABLES;

--
-- Table structure for table `especialidad`
--

DROP TABLE IF EXISTS `especialidad`;
/*!40101 SET @saved_cs_client     = @@character_set_client */;
/*!50503 SET character_set_client = utf8mb4 */;
CREATE TABLE `especialidad` (
  `ID` int NOT NULL AUTO_INCREMENT,
  `nombre` varchar(30) DEFAULT NULL,
  PRIMARY KEY (`ID`)
) ENGINE=InnoDB AUTO_INCREMENT=8 DEFAULT CHARSET=latin1;
/*!40101 SET character_set_client = @saved_cs_client */;

--
-- Dumping data for table `especialidad`
--

LOCK TABLES `especialidad` WRITE;
/*!40000 ALTER TABLE `especialidad` DISABLE KEYS */;
INSERT INTO `especialidad` VALUES (1,'oftalmologia'),(2,'pediatria'),(3,'odontologia'),(4,'traumatologia'),(5,'otorrinolaringologia'),(6,'Medicina general'),(7,'Dermatologia');
/*!40000 ALTER TABLE `especialidad` ENABLE KEYS */;
UNLOCK TABLES;

--
-- Table structure for table `paciente`
--

DROP TABLE IF EXISTS `paciente`;
/*!40101 SET @saved_cs_client     = @@character_set_client */;
/*!50503 SET character_set_client = utf8mb4 */;
CREATE TABLE `paciente` (
  `ID` int NOT NULL AUTO_INCREMENT,
  `personaID` int NOT NULL,
  `fechaIngreso` datetime DEFAULT NULL,
  PRIMARY KEY (`ID`),
  KEY `personaID` (`personaID`),
  CONSTRAINT `paciente_ibfk_1` FOREIGN KEY (`personaID`) REFERENCES `persona` (`CI`)
) ENGINE=InnoDB AUTO_INCREMENT=6 DEFAULT CHARSET=latin1;
/*!40101 SET character_set_client = @saved_cs_client */;

--
-- Dumping data for table `paciente`
--

LOCK TABLES `paciente` WRITE;
/*!40000 ALTER TABLE `paciente` DISABLE KEYS */;
INSERT INTO `paciente` VALUES (1,234567,'2020-03-17 00:00:00'),(2,324567,'2020-03-10 00:00:00'),(3,325675,'2020-03-11 00:00:00'),(4,345675,'2020-03-01 00:00:00'),(5,423199,'2020-03-04 00:00:00');
/*!40000 ALTER TABLE `paciente` ENABLE KEYS */;
UNLOCK TABLES;

--
-- Table structure for table `persona`
--

DROP TABLE IF EXISTS `persona`;
/*!40101 SET @saved_cs_client     = @@character_set_client */;
/*!50503 SET character_set_client = utf8mb4 */;
CREATE TABLE `persona` (
  `CI` int NOT NULL,
  `nombres` varchar(30) DEFAULT NULL,
  `apellidos` varchar(30) DEFAULT NULL,
  `fechaNacimiento` datetime DEFAULT NULL,
  PRIMARY KEY (`CI`)
) ENGINE=InnoDB DEFAULT CHARSET=latin1;
/*!40101 SET character_set_client = @saved_cs_client */;

--
-- Dumping data for table `persona`
--

LOCK TABLES `persona` WRITE;
/*!40000 ALTER TABLE `persona` DISABLE KEYS */;
INSERT INTO `persona` VALUES (234567,'Roberto','Gomez','2002-04-16 00:00:00'),(324567,'Mateo','Castillo','2000-04-12 00:00:00'),(325675,'Andronico',' Rodriguez','1985-05-10 00:00:00'),(345675,'Eduardo',' Figueroa','2003-05-07 00:00:00'),(423199,'Pedro',' Navas','1980-12-22 00:00:00'),(567890,'Carlos',' Perez','1978-08-20 00:00:00'),(614385,'Marcelo',' Flores','1981-03-25 00:00:00'),(614879,'Pepito',' Navajas','1960-08-09 00:00:00'),(623456,'Pamela',' Justiniano','1980-09-15 00:00:00'),(787890,'Andrea',' Palacios','1990-08-16 00:00:00'),(983456,'Luciana',' Rebollo ','1999-09-05 00:00:00');
/*!40000 ALTER TABLE `persona` ENABLE KEYS */;
UNLOCK TABLES;

--
-- Table structure for table `personas`
--

DROP TABLE IF EXISTS `personas`;
/*!40101 SET @saved_cs_client     = @@character_set_client */;
/*!50503 SET character_set_client = utf8mb4 */;
CREATE TABLE `personas` (
  `CI` int NOT NULL,
  `Nombre` varchar(255) NOT NULL,
  `Apellido` varchar(255) DEFAULT NULL,
  `FechaNacimiento` int DEFAULT NULL,
  PRIMARY KEY (`CI`)
) ENGINE=InnoDB DEFAULT CHARSET=utf8mb4 COLLATE=utf8mb4_0900_ai_ci;
/*!40101 SET character_set_client = @saved_cs_client */;

--
-- Dumping data for table `personas`
--

LOCK TABLES `personas` WRITE;
/*!40000 ALTER TABLE `personas` DISABLE KEYS */;
INSERT INTO `personas` VALUES (6145087,'Pedro ','Navajas',1);
/*!40000 ALTER TABLE `personas` ENABLE KEYS */;
UNLOCK TABLES;
/*!40103 SET TIME_ZONE=@OLD_TIME_ZONE */;

/*!40101 SET SQL_MODE=@OLD_SQL_MODE */;
/*!40014 SET FOREIGN_KEY_CHECKS=@OLD_FOREIGN_KEY_CHECKS */;
/*!40014 SET UNIQUE_CHECKS=@OLD_UNIQUE_CHECKS */;
/*!40101 SET CHARACTER_SET_CLIENT=@OLD_CHARACTER_SET_CLIENT */;
/*!40101 SET CHARACTER_SET_RESULTS=@OLD_CHARACTER_SET_RESULTS */;
/*!40101 SET COLLATION_CONNECTION=@OLD_COLLATION_CONNECTION */;
/*!40111 SET SQL_NOTES=@OLD_SQL_NOTES */;

-- Dump completed on 2020-03-17 17:20:32
